ID,Name,College Name,Phone Number,Email ID
1000000001,John Doe,Springfield University,123-456-7890,john.doe@example.com
1000000002,Jane Smith,Riverside College,234-567-8901,jane.smith@example.com
1000000003,Bob Johnson,Greenfield Institute,345-678-9012,bob.johnson@example.com
1000000004,Alice Williams,Maplewood Academy,456-789-0123,alice.williams@example.com
1000000005,Michael Brown,Elm Street College,567-890-1234,michael.brown@example.com
1000000006,Emily Davis,Oakwood University,678-901-2345,emily.davis@example.com
1000000007,James Miller,Lakeside College,789-012-3456,james.miller@example.com
1000000008,Olivia Wilson,Hillside Institute,890-123-4567,olivia.wilson@example.com
1000000009,William Moore,Valley College,901-234-5678,william.moore@example.com
1000000010,Isabella Taylor,Cedarwood Academy,012-345-6789,isabella.taylor@example.com
1000000011,Ethan Anderson,Springfield University,123-456-7891,ethan.anderson@example.com
1000000012,Sophia Thomas,Riverside College,234-567-8902,sophia.thomas@example.com
1000000013,Jacob Jackson,Greenfield Institute,345-678-9013,jacob.jackson@example.com
1000000014,Emma White,Maplewood Academy,456-789-0124,emma.white@example.com
1000000015,Daniel Harris,Elm Street College,567-890-1235,daniel.harris@example.com
1000000016,Charlotte Martin,Oakwood University,678-901-2346,charlotte.martin@example.com
1000000017,Michael Thompson,Lakeside College,789-012-3457,michael.thompson@example.com
1000000018,Ava Garcia,Hillside Institute,890-123-4568,ava.garcia@example.com
1000000019,Matthew Martinez,Valley College,901-234-5679,matthew.martinez@example.com
1000000020,Amelia Robinson,Cedarwood Academy,012-345-6780,amelia.robinson@example.com
1000000021,Christopher Clark,Springfield University,123-456-7892,christopher.clark@example.com
1000000022,Harper Lewis,Riverside College,234-567-8903,harper.lewis@example.com
1000000023,Alexander Walker,Greenfield Institute,345-678-9014,alexander.walker@example.com
1000000024,Grace Hall,Maplewood Academy,456-789-0125,grace.hall@example.com
1000000025,Joshua Allen,Elm Street College,567-890-1236,joshua.allen@example.com
1000000026,Zoe Young,Oakwood University,678-901-2347,zoe.young@example.com
1000000027,David King,Lakeside College,789-012-3458,david.king@example.com
1000000028,Ellie Wright,Hillside Institute,890-123-4569,ellie.wright@example.com
1000000029,Lucas Scott,Valley College,901-234-5680,lucas.scott@example.com
1000000030,Mia Adams,Cedarwood Academy,012-345-6781,mia.adams@example.com
1000000031,Andrew Baker,Springfield University,123-456-7893,andrew.baker@example.com
1000000032,Lily Nelson,Riverside College,234-567-8904,lily.nelson@example.com
1000000033,Henry Carter,Greenfield Institute,345-678-9015,henry.carter@example.com
1000000034,Victoria Mitchell,Maplewood Academy,456-789-0126,victoria.mitchell@example.com
1000000035,Samuel Perez,Elm Street College,567-890-1237,samuel.perez@example.com
1000000036,Chloe Roberts,Oakwood University,678-901-2348,chloe.roberts@example.com
1000000037,Elijah Turner,Lakeside College,789-012-3459,elijah.turner@example.com
1000000038,Aria Phillips,Hillside Institute,890-123-4570,aria.phillips@example.com
1000000039,Isaac Campbell,Valley College,901-234-5681,isaac.campbell@example.com
1000000040,Sienna Evans,Cedarwood Academy,012-345-6782,sienna.evans@example.com
1000000041,Caleb Parker,Springfield University,123-456-7894,caleb.parker@example.com
1000000042,Stella Edwards,Riverside College,234-567-8905,stella.edwards@example.com
1000000043,Jonathan Collins,Greenfield Institute,345-678-9016,jonathan.collins@example.com
1000000044,Lucy Stewart,Maplewood Academy,456-789-0127,lucy.stewart@example.com
1000000045,Wyatt Morris,Elm Street College,567-890-1238,wyatt.morris@example.com
1000000046,Natalie Rogers,Oakwood University,678-901-2349,natalie.rogers@example.com
1000000047,Jack Murphy,Lakeside College,789-012-3460,jack.murphy@example.com
1000000048,Addison Cooper,Hillside Institute,890-123-4571,addison.cooper@example.com
1000000049,Oliver Richardson,Valley College,901-234-5682,oliver.richardson@example.com
1000000050,Evelyn Cox,Cedarwood Academy,012-345-6783,evelyn.cox@example.com
